,id,lastFundingIndex,margin,lastPrice,size,account,marketKey
537,10407,39758,51500000000000016331,16700788000000000000000,6167373659254880,0x8efcfd2fe6956b1b49a1aba42b06c320334907cb,sBTC
564,10436,39877,54138095238095243377,16684495000000000000000,6814110945521575,0xb9972e034fe7ff9513094ed04785bc69c4f3877f,sBTC
385,9103,34456,50000000000000014399,17213320000000000000000,6099927265629175,0xd2f56327319ec645d58dec14d84e782b10bf1ff3,sBTC
640,9405,35642,51500000000000002807,17213630000000000000000,5983630413805803,0x964c64a8c0f7ae8536d74ee1f42b99a343baac5c,sBTC
63,1121,3356,59820000000000000084,36484551000000000000000,1644531681368368,0x536f428c511dcc898ff92053079c041cf2cd7b14,sBTC
189,1690,5230,56611060726687107526,29846729000000000000000,3838503416933380,0xf49bc6e43aedf67d08cd70671d4e40ce7fd5b6c6,sBTC
192,1938,6056,61918530113415539511,29513180000000000000000,2103722223301758,0x99bd11d67c0ef077dd85a0ddcefbc713601784c4,sBTC
206,1939,6058,84105284453445795047,29513180000000000000000,5730704765994987,0x76d83a162cb64dab3398971935e108040d33d4f5,sBTC
374,2677,8580,99295606820305792830,21474720000000000000000,-9313276261576402,0x56fe4e1fc671db51dfff927628665532a9fc250f,sBTC
231,13085,50773,51000000000000010213,18205620000000000000000,5602665550527804,0xee60cda87aabaf7dc77636b22592ee603bc2d4af,sBTC
494,13439,52375,107461459415870965038,20883926416680000000000,-5145653995890421,0x8e6973c639c9597bffbc7d7eda46cfc397246d3b,sBTC
669,13868,54451,567295125849578303210,21811230771280000000000,200000000000000000,0xfb3f0661d1564a4f4fef61bf1a50cc5621301d23,sBTC
690,12484,48286,102000000000000014903,16934910000000000000000,6023061238589399,0x26d41062e4b1f50be92c9b576fcb811a66fe3ff0,sBTC
943,11701,45090,95155214867197799558,16547060000000000000000,12086739275738409,0xc463029561171fa5cdb7e3a9433b1fb631e78d4e,sBTC
134,6920,25323,108250000000000003323,21255613649280000000000,-5092772280590769,0x296cf2ef329a186e8625f1315b0de01d41eb8d3f,sBTC
223,13651,53371,102326666666666661350,23026580000000000000000,13331549887130437,0x0f119a0faf1dd7083929c3bb585cbbffe85c012c,sBTC
416,7298,27124,116000839460557516947,16536346656000000000000,-6998986595009915,0xc3b2e374754272fe716dd91ff253c6078ded10bd,sBTC
474,7381,27454,53000000000000011910,16749800000000000000000,6328433772343550,0xd783e8098e81eda446a267cf036c78863ad2318a,sBTC
684,6341,23345,40001000000000000000,20558833331950000000000,288,0xc7571572426f147302e541a99d9fc33dc5b54ba1,sBTC
804,6503,23520,60000000000000003614,20097492305520000000000,5672349478580898,0x10fdca779f573cf1ced689f0eeb1317d83ee9c58,sBTC
825,10371,39584,56730000000000002732,16996930000000000000000,-3337661565941614,0x0a9e67004bc2179dd0978ca1e2d17454679330e5,sBTC
152,3875,12758,159000000000000000235,23240840000000000000000,17211081871395350,0xf3255cd6f38a3e0a6aea4217a2a5affbadb29c72,sBTC
175,4520,15276,206594538551929795542,20851160000000000000000,10000000000000000,0x1f353e22b43b6409de71d6229854c736a773eeda,sBTC
256,4086,13487,69790000000000000047,21918320000000000000000,-3193675427678763,0x654d34445eb7fe967aa95aafc0c614592f43a33e,sBTC
287,4214,13953,74500407250000000000,19983710000000000000000,10000000000000000,0x2e811936373126d2f6ef6bcac0fc4ccf27b963bc,sBTC
309,288,14288,77361087076383512481,19801742561740000000000,7816549421102561,0x68e845717ea2ae0ca63e7b2c9f6052fe7397e96e,sBTC
412,4532,25959,61448380304279022090,17744891809300000000000,19766752322593400,0x9a3bef5598b4298188f9e286ec1a87ea6773fe18,sBTC
602,4860,16728,98749999999999999974,18973800000000000000000,26352127670788140,0x444c996b74631763ce0c406fcbe9aa13d35f395e,sBTC
605,4864,16738,148122894815598919092,18972055266270000000000,39576211602932550,0x51064197a20a4b1b8ba92b747f4b56d6759fcfce,sBTC
940,148625,593043,104101683855089103117,1333112822770000000000,78364006753867121,0x7702b1c67ffeed9f762455a1b53a30e5134837af,sETH
10,146479,584418,101668642222394090234,1326870000000000000000,76909796007173361,0x2cfe4926544c4b269a1a2433d85e21913ce5c605,sETH
55,146529,584607,104076519706006357016,1326870000000000000000,78719980916638884,0x145199e9e5a15f7098100dc4d1fe7da05bcd0c62,sETH
24,143371,571912,105000000000000000107,1325910712020000000000,79190852783770392,0xeb868b91110a5116684e34ba4f3e4563de5c5831,sETH
575,141835,565719,100860000000000001215,1323980000000000000000,76179398480339582,0x2ece907b12402d38a4d6266bd734ea6b0a297a2c,sETH
710,141985,566313,97442716852405522821,1338040000000000000000,754800000000000000,0xf830781e71b1a9923b0508eaa62fa3034e1ae34b,sETH
887,142158,566993,56000000000000000034,1342330000000000000000,83437008783235121,0x2903683240ae3ee165ed79b1d53c463c8a7f7e97,sETH
294,140508,560318,100880000000000001118,1322390000000000000000,-76286118316079220,0x992d1602136c5b05799930d0fe7958a8ec4071d4,sETH
736,139900,557843,108490000000000000300,1311685029450000000000,-82710404986089322,0x6ad19e19e1ba88645b2b9cf08b9398f2de5413d1,sETH
369,136340,543540,108900000000000000725,1266140000000000000000,-86009446032824174,0x881d09da20835b7434cd543ea993291d8b60c50e,sETH
896,136878,545689,50499999999999999821,1265110000000000000000,79834955063196085,0x11114711f6dd90f6e7d21f6bd818502982bf8e19,sETH
258,135134,538692,103390000000000000506,1261276415970000000000,81972515057681991,0x3904c1f68c7032e0f6f9391192a3a57b4b6d74ea,sETH
500,135393,539748,55499999999999999985,1262057200000000000000,87951639592880576,0x4566a4563319cefbba8cf350b9b0d6b4ea43d6ad,sETH
742,133581,532455,51000000000000000350,1263040300000000000000,80757518188453685,0x1d0a5ab73883fe7774154df0f8daf7646ed52a09,sETH
103,128437,511927,118220000000000000129,1266600000000000000000,93336491394283909,0x0796fe6de307c2e95fdc5c74f7ed1847a08f45f3,sETH
764,129179,514873,63650288857174448351,1263952331800000000000,80699245876417947,0x30b2b07d44ab654dddcff12e86d5ec53e0355232,sETH
158,163991,654847,109309999999999999193,1541208883500000000000,70924844237701929,0xc77988276ec1fc38bbbd6742066ff53b9dfaa6e7,sETH
248,163988,654838,49999630723723059140,1541208883500000000000,-32516941326431070,0x4e4c7ff36e7366d5137a7b0f7bec677885505ecc,sETH
322,164088,655234,101372336973151290471,1543910950000000000000,-132100000000000000,0x5dfde03cd97a805a09a770dbf07996a800965737,sETH
131,161628,645443,100999989824541900199,1535734969620000000000,65768346831877465,0x9f5985cfcbb506497d0e48af52a1b8d10fc03207,sETH
250,161758,645964,50000000000000001492,1540425127960000000000,32458572047714832,0x83132a901a8678dd52ea209c35e619ac93865183,sETH
472,162002,646921,58673833126401851174,1528800000000000000000,126452852321096543,0x3ece8ec5b2ce41b3e353605c422e464326c66f0e,sETH
547,162083,647251,99110000000000000664,1524900000000000000000,-129988851727982162,0xd43f67c622aa070f04365ff3f5d176aef537a0b3,sETH
26,160462,640788,62464854128093898774,1521590000000000000000,98581089518201355,0xcdb7d9520c4871bcfd6a7f7fe0b8ea82316cd536,sETH
313,160768,642013,49999999999999999954,1528870000000000000000,32703892417275504,0x4812611b57addf7ebdec5bdac7746c03c5388511,sETH
411,160868,642411,101000000000000000311,1528210000000000000000,-66090393335994398,0xaec3ae505657d52955b2580bbaefd470050d14b3,sETH
446,162271,648011,60000000000000000425,1523908400550000000000,78744890412501374,0xf0ac8c1e96db4064542d145b431490455c94b677,sETH
524,160989,642881,108490000000000000079,1533815200000000000000,70732119488710243,0xc5b4129b842b254191bbaa883bd5dddb2c1b63e4,sETH
658,161127,643474,105000056991775019368,1528520000000000000000,-68693899981681626,0xf97be36daa526389333540c35eec5fc5603c78ce,sETH
375,159735,637889,55000000000000000954,1516669392510000000000,36263671088514673,0x4659c1b51b2285521f4261a6aa5f813193424df4,sETH
604,159987,638913,108000000000000001185,1529012582080000000000,70633820326763860,0x44e0f53fc19c263302ff4340e044975bbd3b2b76,sETH
780,160183,639673,53157894736842106284,1538840000000000000000,65633854071898313,0xfd415008b343fccd084026237a2d1b19a998003e,sETH
784,160187,639682,105454545454545455714,1538840000000000000000,75381456161784201,0x386e81a2ff5107d040da9814e1b62c0ed0922e9a,sETH
913,160337,640292,117999999999999999920,1533250866590000000000,76960660888087970,0x32fb22ef59be95d07809e8607da5dde75f3cc4ca,sETH
170,158407,632495,107510000000000001320,1448070000000000000000,74243648442409552,0x5a306788bcfc83b99c4fc061601eb31a2d37fefe,sETH
185,158423,632563,78167567567567568130,1450264895750000000000,199425636549266934,0x897752c34574946772f9c0090748d9a99adb5622,sETH
277,158530,633044,105589377760363665437,1557162700000000000000,67917227194489976,0xc6ec668b634c7b819fa95df487c8765ce2698a7f,sETH
278,158531,633050,105589377760363665437,1557162700000000000000,67917227194489976,0x1368dbdd2e8c420c48c6471490fb609f068e9378,sETH
174,157274,627850,110000000000000001194,1412614784530000000000,-77869778232994209,0xaa09620eb8841dc01f81354b660276b54c505a77,sETH
746,157928,630491,118173985101235442861,1418660000000000000000,83299723049381418,0xc1ebf09144680bced4e4d4a59adeee378b2a4bd7,sETH
761,157948,630569,101999999999999999502,1418751500000000000000,-71894197116267365,0x91a4671e1d704084773d6299baa9f759f3519f23,sETH
137,156155,623377,104070233861923352344,1428426424290000000000,73290196581427338,0xd00dc28631a30c49f40985972367a6f64998b8ef,sETH
175,156193,623519,108697500000000000128,1418890000000000000000,306429673900020438,0x0a08e5a9d71a9f8b43bc5c9c15be3c331c702a94,sETH
735,156804,625961,108490000000000000331,1413120000000000000000,76773380887681159,0x4b9e20180714dfdf6ea50d4f5b3115abbf6952be,sETH
754,156825,626045,105000000000000000284,1411487680230000000000,74389597210576002,0x7b292538bdda9a2b600f3595d9b4fcd8d2e9a552,sETH
947,157030,626870,112703546574482400000,1406540000000000000000,80000000000000000,0x540a27b3eee077cf19b5f7a2273c7c36c8ca0e41,sETH
176,155121,619242,118220000000000000698,1386510000000000000000,85264440934432495,0x97d9a1b901ea447d28aaeca626d3b21f12fdf7f9,sETH
64,153980,614647,51520000000000000886,1399280000000000000000,-36818935452518438,0xfe7abe8fd12d30d2d369227b509af4bc22c7f547,sETH
656,154573,617016,113200000000000000139,1397620000000000000000,80994834075070476,0x3dbd01990162d726bae77d09dd9bf5558e7bf2e6,sETH
57,152939,610453,102350116448071511823,1400269844030000000000,73397197307589909,0xf2962ba8139fda9ef58eb7fc5edf4cc4a970575a,sETH
180,153063,610951,118240000000000000642,1400269844030000000000,-84440867240062319,0x9263f97591cbcb7eef4e6adc6eb469d1b1ba49f7,sETH
519,153413,612361,108359999999999999520,1396110000000000000000,77615660657111545,0x9c6ab7da225f3ded69bd4fae0a509b6c03cb1862,sETH
250,151054,602765,102321428571428571683,1330870955410000000000,-107636280901380949,0x0e61c64519427468375298bdfabd8d2ce7e69e82,sETH
717,151549,604748,103000000000000000330,1336690000000000000000,77056011491071228,0x2f97c4558ca41e33ca88140ec769a947358fc44d,sETH
780,151617,605017,109999999999999999397,1342840000000000000000,81915939352417264,0xb2fb1c398b839518c82e30138245a7f5d711afe8,sETH
259,131814,525418,118340000000000000943,1265050000000000000000,93545709655744832,0x1a3f84ee21492c0243d3a084cf425d53274589d6,sETH
104,126987,506109,55025000000000000973,1241940000000000000000,88611366088538898,0x60cebc126370871ee21ed327f07b4f02cca2ae9b,sETH
674,130648,520736,101000000000000000496,1263680000000000000000,79925297543681944,0x02ca1dd92c476b43cc630fd8d78ca5430c357ffe,sETH
715,127660,508803,100590000000000000046,1266410000000000000000,-79429252769640163,0x7c551f8796a66f759a67fdd25b1f3b824626a1d5,sETH
917,121506,484053,51624668300138331207,1252506232280000000000,80990415335463250,0x4f6bba33ef6ff9699217459e0e2a2e70bce9a28a,sETH
942,120449,479786,55800370030500000000,1252630000000000000000,957900000000000000,0x7656a6df8cb25ca8082f961fae077f2ec082e6bc,sETH
28,118390,471588,57000000000000000286,1210620000000000000000,-47083312682757595,0x861fc804bd8c65a6b99566d6cfdaca6b51de47a1,sETH
42,118405,471643,103000000000000000309,1208785095330000000000,85209521856224457,0xf63d3def11a335ba59f220626d3240c1209e8d32,sETH
100,118472,471921,101000000000000000993,1208869092140000000000,83549162317654091,0x66d608697493a5237ec97d56cf8063e6a3660d81,sETH
112,118492,471992,51280000000000000579,1207025000000000000000,42484621279592386,0x0ade5e79b7bca2b5e51a5c3423084a4e5b8caf5f,sETH
198,118590,472399,118000000000000000852,1207112270210000000000,97753956207794714,0x33aaf2c452db82d1e1962f353ac651ff0a6a8d20,sETH
523,119771,477046,121020000000000001136,1249482869860000000000,96856069754329524,0x4266e2a7b6475acd745e58b76ba58446fe455842,sETH
342,117642,468593,104999999999999999763,1218095228810000000000,86200157029248186,0xf37efcdf54eaf95af6a5c2b825c35461a5cb3f2b,sETH
63,116273,463109,108000000000000000794,1216155119600000000000,-88804461091708255,0x75dc4d77cd73c0d54e2900cc6d4fefeeaba8ca52,sETH
888,117167,466685,50500000000000000454,1217520000000000000000,82955516131151849,0xeaf48d04bc76165a64c22937d377f0a8eac26f3d,sETH
46,115189,458731,116890000000000001167,1195600000000000000000,97766811642689862,0xb530114ada3f4204fed808f469f8d65b793ecc4d,sETH
124,115269,459050,102666666666666667855,1201353160370000000000,256377566697489937,0xec0ea21ec81462a02f894988ada98d2c953ee1ca,sETH
499,115666,460653,109685000000000000001,1213240000000000000000,-86545118855296561,0x9fc37cdf1abd391b17e72786644a8da92143a0ea,sETH
508,115679,462238,110638881448064443901,1216780000000000000000,84072401173716659,0x4054994b7102b52b4ca003c304642d3c0af48a8e,sETH
594,115773,461079,100393854721226443763,1217484395810000000000,132600000000000000,0x68a8bde0267b26b024b8b54709a3ce8c3a4a84ca,sETH
861,116050,462180,101300000000000000221,1216780000000000000000,83252518943440884,0x62703314d5d57e8653504480f73824f029403349,sETH
928,116119,462453,114643000000000000004,1216850000000000000000,83822985577515716,0xc4995d598a6ac11c100bc59bd57eea75dc2cd5d4,sETH
698,115693,460747,102999420026129421602,1215086359220000000000,84896640400909960,0xb0a7b9755c6f08244ee15b718ee119e36a4aa898,sETH
284,105307,418915,106000000000000000432,1220558217590000000000,86845509269764843,0x79fdc019c790319228ee57b152737715fa0ac726,sETH
625,106552,423912,108390000000000000253,1222783787120000000000,177283999251067858,0xa78fdcb839b0b2337bf1dfb838d8679aa54723e4,sETH
642,102748,408635,100429999999999999055,1218928930710000000000,-82392006186531051,0x7ca0bdd3af1784367b20cc9d035b1f780d10c7b6,sETH
100,94127,373691,50000000000000001056,1184190000000000000000,84445908173519452,0xfd2c58dd9758c4a5869d3c2a486d5f3492cebe54,sETH
520,94601,375613,100650000000000000794,1179215000000000000000,85353391875103352,0x112580cec9173f7e784374c2a96fe805a05cf057,sETH
620,94732,376131,147010000000000001068,1169570000000000000000,-125695768530314560,0x2f2081e6b5621cf0dbde0af5b4041768614d8215,sETH
608,92503,367211,107550000000000001021,1181434140660000000000,-91033428185779308,0xa82f757e49446f29347ce77c36eedb315a5c00e0,sETH
216,90984,361126,140179999999999999365,1180000433320000000000,118796566544976088,0x142f1407f6617c992e448b8917c4834c396323f1,sETH
259,88810,352347,58666666666666666982,1211100000000000000000,145322434150772025,0xba6ed8727cc56adc9285348abf0aaae06859f61a,sETH
378,88939,352881,109999999999999999404,1212720000000000000000,90705191635332145,0xa01ef1e49323de327b1b887fa0315932b0b55889,sETH
555,89127,353647,100999999999999999471,1209620000000000000000,83497296671682015,0xe1ce8ceedd550d0d4cb6bb07665324b12a8ab7ee,sETH
696,89300,354346,116515000000000000171,1194530000000000000000,195080910483621173,0x152f8db1600f0fba222030be397edb61fe97cc46,sETH
54,87502,347054,106000000000000000704,1271490000000000000000,83366758684692762,0x27a919a726e8546c6e0b4cc7c73f9cd75d339dac,sETH
295,87770,348124,112000000000000000186,1271320935770000000000,88097345720311798,0xb0fbcacf3e694d9c93b640c5f064e6993d024402,sETH
310,87785,348190,53000000000000000934,1271320935770000000000,83377845056723666,0xff7c64d0e1d2cf4b755b6265ccd2f0cd12aeae7d,sETH
784,87179,345786,102156862745098040167,1276765000000000000000,408062564371673722,0xae96b5e23c6a4c054c3daad6192afcc3656a7311,sETH
512,83530,331054,103000000000000000418,1321389903680000000000,77948226873196567,0xf12f3324121d83f4d14ced84f6e865a14a33d571,sETH
727,83796,332119,108000000000000000327,1319430000000000000000,81853527659671221,0x7b5b8729cd70d87a6b74317d3376d560afb067e1,sETH
469,82314,326097,102000000000000000815,1271775000000000000000,-80202866073008197,0xf9b34da688182cc0b933b63e01186cfef42342fc,sETH
487,82357,326269,91233333333333333855,1273783905070000000000,85948644479052037,0xa4901b39b71f47970549ca8ea2a0497b2565fc3b,sETH
825,82708,327670,138700000000000000392,1267577016130000000000,109421359203451526,0x667faff77b1c152f536ab470d6e4c55e99e2b893,sETH
596,81312,322051,102000000000000000004,1254450000000000000000,81310534497190003,0x9ded3f0293d70b709fd2a28678030a20127c85a7,sETH
830,81586,323142,100999770479540839101,1252183598730000000000,80708637821985512,0x36443c16de7a0356d20dd19216357f05d22b02b4,sETH
913,81682,323531,100200000000000001092,1250050000000000000000,400783968641254349,0xcbeb27b98cb46030885029ae15e555c699794496,sETH
285,79813,316004,51995952380952381634,1274381245830000000000,86316398926882660,0x9f0feff44275bfe0ce15690c2ede23eada4a1358,sETH
542,80103,317186,101000000000000000902,1274048000000000000000,-79274878183553523,0xa0d2e9574c9168bda380747831c832d59444c9e5,sETH
11,78415,310454,104550000000000000997,1268830000000000000000,-82398745300788915,0x6fe79f28e7087753894c8d15adead76d608cc462,sETH
174,77482,306699,112560000000000000461,1264095000000000000000,89043940526621812,0x1d73eec442d3b94e1d64b3521b2c3bbbded06b3e,sETH
183,77491,306737,139730000000000000297,1264095000000000000000,110537578267456164,0x186da4d811b1bfef0fccdabf9bc5af5bf2648a0d,sETH
463,77797,307972,107400000000000000241,1265190000000000000000,84888435729020937,0xcbab797384f53ba657c0f2ea1901b4906ef7c6c4,sETH
593,77942,308561,101000000000000001126,1265920000000000000000,79783872598584428,0x82e620a4aeabfe64b6759f3fee0d473d780937da,sETH
904,77182,311868,101716462011323900126,1268461829650000000000,160010957610282983,0xe187ff0ac7d2c7d2fdd91c21858fdd37c80ac2a5,sETH
990,77272,305862,103230000000000000614,1263540000000000000000,-81699036041597416,0x534415809eab0b993516cd0eb245ab36f1b4f7fc,sETH
460,74388,294262,107170000000000000391,1233180000000000000000,86905399049611573,0x092cf689ab6d9f6f9813d8de1ea5179d2b096b03,sETH
459,73228,289647,53888888888888889769,1230400000000000000000,78836150845253576,0x526c3b2f095ab251dc37a2eeb8d50521a8b3352a,sETH
502,75947,300528,120000000000000000774,1279435772350000000000,93791343491663002,0x002e4b36dc32ea1f1a25daa2fd4e10575909c83b,sETH
640,73440,290497,107000000000000000451,1233860000000000000000,86719725090366816,0x1ef85c3e300f9158d355c830273f3ce7313218ff,sETH
358,72002,284720,100100000000000000334,1262315000000000000000,79298748727536312,0x9f18a8be5089afb594f7bdf48ce0667eafa4757d,sETH
257,71896,284309,112230000000000001132,1268370000000000000000,88483644362449442,0x40aceaef476d82f3089fa16f7e6dc12a6871f943,sETH
75,167155,667568,105930000000000000225,1574822252210000000000,-67264734068460702,0x1d21cafe304aaf833a645edb74d2035d32f39a86,sETH
149,167249,668427,101320256560921952283,1569622851640000000000,96725689067670075,0xb2716745ae34b1d4be7e1c72b4bc847920828752,sETH
251,167546,669144,102560000000000000956,1567930000000000000000,-65411083402958040,0xfbc0216bde9ca3a5c7e17f205fde0dc0588fcde6,sETH
260,167381,670640,218900489183332277601,1577176315660000000000,138800000000000000,0xc59634837e4ebdc9bc02ca1972dbca1dd435c007,sETH
648,167811,670320,102490000000000000440,1583550500000000000000,64721649230637103,0x18a84c0577ed4923ada095d7086f586ae1be1abf,sETH
650,167816,670339,101000000000000000007,1583550500000000000000,-63780725654155014,0x14acf9d666b566f2805634516f014ccde4f1972d,sETH
69,166004,662910,50500000000000000633,1546745000000000000000,65298416998277026,0xd417f21077fdbc5eb0e3d0eb782fdd262b24f309,sETH
233,166203,663683,75000000000000000919,1542330000000000000000,97255451168037968,0x5933ef6e4394122a5faa58d25a5c94b6496fcbda,sETH
347,166329,664184,53999999999999999448,1543609030970000000000,69965903174415268,0x987b6db6fe741e98bb630f971ca69d693cc28a6a,sETH
362,166345,664253,103559999999999999435,1540760000000000000000,67213582907136737,0xaddf89ea6f59fbc62a82582506463b42b794f52f,sETH
382,166366,664313,108489386193516920004,1545239240350000000000,70316550865913097,0xc3a3ee3ee055bebb6136a444ee99963726c9bc41,sETH
508,166509,664903,118040000000000000843,1547075000000000000000,76298821970492703,0xec1a56eb310287b2fa41b96cb9a34df62506e790,sETH
595,166605,665288,100510000000000001234,1551100000000000000000,64799174779188962,0xad9d7bcb3e11ebebef96b72a47b11539caf64078,sETH
776,166806,666103,50000000000000000569,1589500000000000000000,-62912865681031770,0xb42caddc45f297d24ef359d677284c531235d313,sETH
869,166919,666603,118240000000000000333,1589530000000000000000,74386768415821028,0x176cb481792d9587df27c8602d5ccf8a86f23633,sETH
298,165190,659664,55333333333333334411,1545510000000000000000,107407910657323472,0xa7ab4c9a1af723956bcbdcb751990a51f491f564,sETH
343,165242,659871,113400000000000001003,1575920000000000000000,71957967409513173,0x3eed35e10b7293346f9ff8f2f793aa653ed1e8c4,sETH
375,165279,660016,101038758327469983474,1566830850000000000000,64350884346806667,0x9d26cedd686ee77532f4182243b500a301ce9816,sETH
589,165514,660940,58500000000000000492,1571853800000000000000,74434403504957013,0x0e6f467750a632fef8d46b397566c9774202937e,sETH
816,164648,657501,60499999999999999565,1549890000000000000000,78070056584660846,0xb092030231a6077af6109fc3589c4d9b11f64f16,sETH
643,112356,447367,102000000000000000011,1193850000000000000000,85437869079030028,0x2e18353d8a90ae2f36ee269bf0cfe19ea087ac21,sETH
951,112675,448651,60000000000000000605,1197790000000000000000,-50092253233037510,0xd919c3bf28ff3c3c57a4c275f139d98a505adc2f,sETH
737,111305,443129,50000000000000000348,1190265000000000000000,42007452122006443,0x29dfae10fbbf1abdddbe6430472a13ea82724a5e,sETH
674,110194,438666,100119999999999999381,1203931688690000000000,83160864474745018,0x0fa73b4bbd9727cb530fa1d0ef2b5560296a7f8f,sETH
402,108846,433223,103649999999999999826,1193850000000000000000,-86819952255308455,0xf680976bba7c285f2df1582af3757696347262c1,sETH
803,109284,434996,132000000000000000407,1187279606120000000000,-111178528898826698,0x38f250bacf1c72eb5c72cf559dbd94cf1c7d1fc4,sETH
503,107916,429432,50670000000000000001,1212050000000000000000,90755331875747700,0x255fe1463e93e2212b13de66b7acd99dbcbcb142,sETH
624,108039,429955,110000000000000000517,1207497078630000000000,91097528885787131,0xf16a85ebc3033b4f6f7db293027c27b3a7cf5dfc,sETH
19,103734,412640,50000000000000000143,1220611800000000000000,86022435634326982,0x7f6f8723e6c1f5fe7788310579a3f1650bd3b61c,sETH
433,104162,414352,100750000000000000306,1217688520310000000000,-82738728598961411,0x156b9e066682ba080762121434093030116face7,sETH
907,104665,416383,121000000000000000105,1221117238670000000000,99089584659200411,0xb7907c853170f1d78ab34fbbaf64f6047fe3bf64,sETH
278,99417,395162,100999999999999999685,1209521868090000000000,83504071042132355,0xc4e81c66097470c6393eabd872da5ff886fc51dc,sETH
878,100042,397711,108490000000000000145,1216646634170000000000,89171331225530578,0xbd6cbb3a066be4574648940a052e047aa7bba979,sETH
744,97799,388769,101000000000000001098,1214532209670000000000,83159589507669512,0xb2248a5bb87c96b546c11ae5b59b9f9f87242f2c,sETH
811,97867,389027,105299999999999999072,1211390300000000000000,86924915941625089,0x931a58002c6037f6921af126707ea56105f3784a,sETH
428,96404,383139,51624437100246914060,1216240000000000000000,83456790123456780,0xc1c5aa78e8654f6892078bf598be77d79ebb8f5f,sETH
730,69701,275482,50636266666666667882,1298370000000000000000,117069864522439674,0xa6068eff22f74098c4c3f939f25b4dff4e1936d5,sETH
273,68013,268608,63956862745098039289,1271060000000000000000,256620458514940286,0x57ab136e46be80913215aee7e9c71df888693d17,sETH
319,68071,268834,111980000000000000067,1267560000000000000000,88342958124270251,0x53fe67d8a1e83dcb7dcfb179ceeee746bd026d5f,sETH
748,68559,270799,51000000000000000443,1256678321010000000000,40583178007726742,0x0939453018b40ee271183e453a71695df135052b,sETH
245,66854,263958,108000000000000000222,1279210000000000000000,-84427107355320862,0x653c2fadf62af8180ab16965cc4532e8f63aec96,sETH
737,66293,261643,107000000000000000437,1271900000000000000000,84126110543281704,0x270960e2782835abc39ed907abf05b220a92dc29,sETH
970,65392,258023,58500606936641255589,1280496300000000000000,91222701931749418,0x76d476e4578400662b4e6a766bfeaca5c9d7910b,sETH
993,72309,285956,60000000000000000492,1225600000000000000000,97911227154046997,0xc32698e9f275e332910d7f5433a561a4b75fd417,sETH
231,63286,249395,100560000000000001209,1205255000000000000000,83434625867554998,0xce6483e57d90e008617fef450d4717048307e64d,sETH
722,62621,246620,109000000000000000337,1167790000000000000000,93338699594961422,0xead1ea9f5178525869d22e90b6fc7d6c654e8838,sETH
8,60567,238228,52212500000000000344,1221450000000000000000,102591182610831388,0x6fcc1c3f969eae3ea0356237abe8106963b738c3,sETH
285,60893,239551,53008733624454149446,1212695000000000000000,100099365462874012,0xfa85f3556ca7486dc0d4089732bc6ef99c44771b,sETH
317,60938,239728,52255355063595051091,1213707237730000000000,107780775354965390,0x1b0891ccaf0b714d555f5247b2d10ddb56c3cc6a,sETH
500,61197,240793,51666666666666667192,1214720000000000000000,102081138040042149,0x4da2127d6cdab9e240be2dc1c85248e0f9c654a3,sETH
631,61345,241384,52297872340425532285,1215811111590000000000,101084781039116510,0x6661e0d3a442f30014ebfea5eba56edda1d8bb5e,sETH
604,60102,236331,52216666666666667115,1221835000000000000000,128208800697311830,0x1bdb02b920081cf15fd16cbf84a6558de088a2ce,sETH
658,60157,236551,57166666666666667005,1216220000000000000000,141010672411241387,0x6aac6ae5c4a27d0322a3d31829b9d1cb63cc21af,sETH
697,60207,236764,51408000000000000250,1215625100000000000000,105723384619156021,0x2c3c100ab800cfa2f1c59dc0ff668ea9b6053c6f,sETH
293,58539,229815,50915000000000000163,1191975000000000000000,85429644078105664,0xf78eeda4407e0719376e43328e980638c7e3e038,sETH
36,57040,223647,100000000000000000075,1158740000000000000000,-86300636898700312,0x205062e0d267909df872e4c2d120151051f9e678,sETH
543,56335,220675,93636363636363636424,1083120000000000000000,95095649604845261,0x58b38b89edf7970fe4b8b9ea1d48479f4b0e9074,sETH
787,56680,222138,54794000000000000893,1129870000000000000000,242479223273473939,0x8dcc573c3219a479c0c06c3ba50c3e2cd482b2ae,sETH
102,54415,212802,54500000000000000034,1173570000000000000000,92878993157630137,0x53f99e3d4b2e23520183f5d5850dfde2f784ef6e,sETH
257,54625,213631,100894783055117603773,1159700000000000000000,87068965517241379,0x84c53d5234d385f5843653d6395cce632f4a1de4,sETH
465,61158,240636,101000000000000001105,1213030000000000000000,-83262573885229549,0xb6407339ffcb3c4c7224f4fd897da55c1166fff8,sETH
612,55102,215625,101201271728899012288,1122310000000000000000,90443628851375796,0x9eb5f0285787ac20b8f0797a93b2de69ac4b9f9e,sETH
801,54019,211212,104000000000000000305,1208205000000000000000,86078107605911248,0x415af15518fca4ccae3151252938a7c151fff60b,sETH
258,62718,246999,50000000000000000158,1169561987080000000000,-42751047445405658,0x18158af158019f6694882aac71630dde13d40c56,sETH
823,166082,663218,51000000000000001212,1544496200000000000000,66040952383048919,0xe83293adef13fd8b1a1085c6819b6b9c0d7ff8b8,sETH
367,49875,194657,50500000000000000851,1251363951170000000000,80711930294593384,0x295f89f02a72948f8d9a5af1c7200b647f7a9bba,sETH
557,48857,190567,51000000000000000321,1224464061120000000000,83301750732236305,0xb5cc32b2dac4f6c3688b18d3c49708ec3f4d9454,sETH
351,47427,184769,102999040000000000195,1224180000000000000000,84383015569605776,0x24084a92f3055a046927e5a1549ea8b6535a207f,sETH
836,48012,187123,98680000000000000543,1181415000000000000000,83526957081127292,0x71513be4938b3a5db30927e4ffbc96cbc19244bb,sETH
124,43604,168966,100619353617010535759,1578230000000000000000,-63946395631144611,0xfff73c29324df6e6a9436a16601d2b900625659b,sETH
174,43672,169250,53809523809523810532,1579310000000000000000,-71550233962933179,0x467a2b08e69bd0b68249222c0b0d29ccde478858,sETH
188,43696,169347,104700000000000000001,1590980000000000000000,-62854341349357000,0x67b41a24604c48dad4afe17799690ad873903476,sETH
193,43701,169367,101000000000000000924,1593940000000000000000,63364994918252882,0x8b14ddad054cb59c48c0fce3880865b1f1810a61,sETH
233,43753,169583,103560000000000000043,1582165000000000000000,65454614404945122,0x7e206448094182d3589a20dc4ac5bc6dcd951087,sETH
247,43767,169643,103140000000000000565,1586930000000000000000,64993414958441771,0xa201e4722e9b3fcc5eb6a39b502f84fefef7e3be,sETH
248,43768,169648,102050000000000001550,1586930000000000000000,64306554164329869,0x3ff3aa7e778fb9e0ddb4fc6972e9ecb8199c35c6,sETH
252,43773,169671,103979380457841633620,1592280000000000000000,65407744760083536,0xfa8d8662d8d16a8402a6142317dbdaa87ce06a97,sETH
257,43781,169701,102590000000000000113,1592280000000000000000,64429622930640339,0x627aacf37d0e753fabeb24749b5fe35b336db600,sETH
260,43785,169718,102640000000000000697,1592280000000000000000,64461024442937171,0x8bd2baf8fdc2205bb5f2687378334cd0771e6fa8,sETH
262,43787,169725,101340000000000000695,1589640000000000000000,63750283082962180,0x0d5d5e22e49e208c870f86ad8f73e762ac47f09b,sETH
265,43790,169737,101620000000000001001,1589640000000000000000,63926423592763141,0xca7b71eac43e2d932b28bb14535905a24a500c4e,sETH
386,43958,170446,103900000000000000554,1570350662290000000000,66163566198956756,0xed6e9f0e4a7d5d09cc270b42e792b7efbd67560c,sETH
636,46582,181438,101490000000000000135,1255032300000000000000,80866444632540533,0xb7db099ad8e30fc0cc008f64ae22dd361e2eb2d4,sETH
881,46876,182600,100000000000000000467,1265575342460000000000,79015445896426840,0x552552931ceb551a80be883816e6d9986bc0653e,sETH
342,42609,165082,113000000000000000735,1620640272540000000000,69725528801587262,0xb2a0465499baba692f36362fd7e80f0da818b92a,sETH
367,42636,165185,51000000000000000795,1618566200000000000000,31509369218262434,0x48069a525e5e7712c537866451938dd44d1c13ac,sETH
528,42830,165947,102000000000000000860,1618200000000000000000,63032999629217649,0xe66fe5f95a5d515c48262029b8a280f9b19fcc1c,sETH
572,42883,166146,101000000000000000573,1615008377500000000000,62538375284681766,0xfee4e850176a50623b2cf7433c51f44c7ba1b665,sETH
590,42911,166247,100200000000000000647,1609570000000000000000,62252651329237001,0x5ab94630092d7576d7833012d4d218e0c6cd6766,sETH
178,41152,159312,101183924165499446366,1633060000000000000000,62177330751256973,0x98c3d15845a471cacddb1a17885479641a6f0ce9,sETH
179,41150,159307,102221956588141947996,1635695000000000000000,62815941712974287,0xddf9db63f6f145df73e16f6be12e8d7913cf69c8,sETH
334,41367,160177,101000000000000000868,1647040576840000000000,61322107919027630,0xc2d41306398032071c4186580f136cced1a5848c,sETH
822,42653,165249,88341397041786159197,1618481647600000000000,67964935013699935,0x38b491ee5692fd41e3ccbd14a6fcf9f405f7a5e8,sETH
5,39653,153245,103900000000000001302,1556878577570000000000,66736097147774180,0xc36cc02dc7ec029381534177a2a009f86d09aa59,sETH
503,40301,155876,59450000000000000603,1533673219340000000000,77526293411556963,0xd95138e2d02e7580e6cddd2cdd87dcd724c3b72f,sETH
173,38670,149268,114670000000000000004,1572690000000000000000,69943854160705542,0x38345b9d3b617e6125082963af9fc4255157366e,sETH
612,39181,151284,109530000000000001031,1568920000000000000000,69812354995793284,0xc51548e8f9a4bd8d76b8ec67fe4814a23c949b76,sETH
888,39510,152660,54999752604480741498,1571145723710000000000,35006300924224026,0x976e284e7639fa019842f081f7d05aa23dcc9f68,sETH
312,37556,144849,103023010978135884333,1626611800000000000000,-62092258275760694,0xa6ea86902726857aa4f0eedd50992470df81c56c,sETH
85,37488,144588,101000000000000000728,1616480000000000000000,62481441156092249,0x2d1940069663a291e891244cd5509107f5d28732,sETH
961,37095,142960,100670000000000000765,1626515000000000000000,61893065849377349,0x32864dc720acc53b5d7112d79bd9521f4e4a6637,sETH
392,32541,124584,118033015213044013002,1312960000000000000000,327167683747511177,0x33ec0e01e2dd454d658e3ae748779f390024a5cd,sETH
570,32763,125427,109111223173828054458,1308255000000000000000,83653065953675492,0xb3dd225131d1ea7a2abd98279a7077ced9595911,sETH
156,30995,121388,40001000000000000000,1278840000000000000000,77494993516507968,0xa903bb753d03ae3b58b6b5c55c300af472287a80,sETH
465,31417,120083,100816361643832526343,1288245027480000000000,77624984274625891,0x368d2789972a8e046fdc86668038e5b1ffc07019,sETH
912,31967,122311,98543975550000000000,1302927000000000000000,100000000000000000,0x5c189d298cb4fa82de5de4f78a566d63a01f8ffa,sETH
334,28784,109584,51688000000000000003,1322270000000000000000,78652620115407594,0x841754f383cfcfeb55f94b6967f071e22a474fe0,sETH
417,28884,110011,109670000000000000002,1329292628290000000000,82750778616371198,0xa6be72954fcfe1cd3be370ed7c573024a55d34ef,sETH
507,28990,110444,54173711791723476051,1314920000000000000000,209464760410398592,0x38430336153468dcf36af5cea7d6bc472425633a,sETH
330,28210,107184,99650000000000000005,1292030000000000000000,77397583647438526,0x604f8124e4f6020160e04b5fa6a3b1f13cce7fcc,sETH
722,28021,106449,51943086041072958988,1295090000000000000000,80780873602065502,0xa4b5e87469e5db62bf7cb2a5a26a45bb89bc7440,sETH
884,28217,111943,51538399881629053076,1286192888790000000000,9280176817499591,0xb548a46a1cf3ecdd2e928a6a80f02d7fdd559d46,sETH
102,25937,666743,40011439229239537835,1583818456630000000000,113257979024622284,0x60c56ef505b8c9d7ac1c7f180a9006a5ea3c3875,sETH
613,26540,100565,106983074865369462962,1325697918660000000000,-80942263184162435,0xf188ccdd5107fc2c04ede0ec04afbbf45dae275d,sETH
680,26625,100914,168427648156957514379,1328200000000000000000,127254340770136763,0x6127826f7be65586113596dcc87434f92cae826f,sETH
688,26634,100950,107722000000000000002,1327055365060000000000,81383190817450942,0x05f8c3348424c3dc543c578f82efe6b34589237f,sETH
244,23530,88540,59982000000000000001,1316955394500000000000,4555962962039410,0x554401fbd75b1df06d2a2ae56d95f5bff295e544,sETH
262,22170,97832,170441023522172275719,1339400000000000000000,205056466935166061,0xbfe1efa782028779a9559e9ef6af483822b0fed4,sETH
401,22373,83992,99871293785680514272,1315870000000000000000,-76831297924567030,0x6dea5ca028a9e348f07ce92eca22c4499e802cf7,sETH
480,22474,84387,99820977344824283166,1312373700000000000000,-78483742854645750,0x775fc73765b2cb33501550212c1c81d010fdd987,sETH
672,22718,85354,50539401803697402179,1294287300000000000000,78567515288745770,0x1ea41a823c1ca8e1c59587ff1ec3fdd37c4c4636,sETH
737,22797,85679,159572311118487960896,1290580000000000000000,92981450200684960,0xcf2b7c6bc98bfe0d6138a25a3b6162b51f75e05d,sETH
777,22845,85868,109611359000000000000,1295470000000000000000,100000000000000000,0x7fcc3b4a05826c14afafe6830f3511e9dde48171,sETH
268,20888,78025,108922567593994764032,1343630000000000000000,81328536579933110,0x813e372eb82008b31503027aaacddbd5bd228f89,sETH
194,19460,72286,104685000000000000044,1389190000000000000000,75583613472599130,0x22b1726b3336bdcc01ab7caffb7fda662d0da002,sETH
270,19584,73072,47565850784612306109,1384570000000000000000,101000000000000000,0x1799c3ad040b1a2628dcb093025d8980ec722c52,sETH
318,19629,92197,40001000000000000000,1344110000000000000000,75554788014851910,0xedc2fdcc98b72e6e0406e795e485f1665ec8cfc6,sETH
511,19922,74121,100750543777665443882,1289800000000000000000,-78100835137643060,0x3c5c18b07fc1f84fedda417d99afb9954936f055,sETH
631,20565,76734,108525439791325906501,1338721766160000000000,-89517753693297670,0x0ae2b017fea73623942698084c6a5339ed204281,sETH
650,20134,75126,40001000000000000000,1293290000000000000000,-6375734762911900,0x4f1b38512defc7ce6083ce30fec91cc967e538e4,sETH
994,20546,76672,101679218861707749216,1349000000000000000000,79263933356128190,0x15f0956df7f8170ce682398de876a6ae47bbfd00,sETH
33,17863,65919,98919762924930759382,1342347700000000000000,-81945981655870530,0x919de5aefa1b7a970574979162aa284040e0c3cb,sETH
159,18019,66542,100417369647388540077,1341960000000000000000,75100466999958160,0x7c78e30dd716443fe51b9746799afd2d006db8ff,sETH
901,19059,70628,74514077316396606956,1296130000000000000000,125000000000000000,0x2e811936373126d2f6ef6bcac0fc4ccf27b963bc,sETH
0,16208,59451,246250000000000000194,1337145000000000000000,934827561707967300,0x8ab83d869f2bc250b781d26f6584fd5c562fdd9d,sETH
3,16213,59470,54667000000000000006,1346008200000000000000,82466065214164370,0x22b908c2fea7a1e6043ffcdbc77d660d4d326961,sETH
52,16304,59802,99572932881767581434,1346202157410000000000,-75210365626628940,0x00000000051cbce3fd04148cce2c0adc7c651829,sETH
294,16687,61283,69677702364085667201,1304231100000000000000,82372322899505770,0x1b1b81510ac3e07cb836656385c73722b939e135,sETH
481,16991,62455,123646321376672182806,1343330000000000000000,75186290784840650,0x06d13d1562eb9da28c59e86e9bfc2a87d13afb01,sETH
578,46479,181014,101000000000000000953,1261435000000000000000,80067542124643758,0x0e0327e389ce9b0fab717444a8de024f7e26e047,sETH
625,46534,181234,99997273064902925466,1258991296070000000000,397820198424936952,0xcfff0655a8937ec07a6a7ac73161304f94f2b448,sETH
697,166713,671421,44010721651710173047,1554380000000000000000,65122186739544178,0xc9ffe256551f3692991267485951fa7d26273bb4,sETH
703,168036,671465,6333333333333333334735,1546197416390000000000,12288210935160169570,0xa1821e2110d91ba452694ccd168b619903221afb,sETH
773,168154,672177,50000000000000000087,1630004600000000000000,30674760058959342,0x7aa28860661fb477d8d911fc82ee538903374147,sETH
787,157737,672434,234787949421719428356,1618573620980000000000,999530451531927236,0xef44b84c29421a1a715d058742dd06549a2f3cea,sETH
73,44710,173632,80000000000000000077,1211716871450000000000,66022023696235297,0xb3391d3a3c7c1a205f9d5fd6600bf51c75c7edc5,sETH
127,44769,173896,106159346983385168293,1203067313710000000000,88410736855721912,0x0d25dadbd0790dad1650adabae91af8471d0e6d4,sETH
758,45524,177129,50000177030224355231,1315124700000000000000,38093056707737364,0xe9ce9c8179797e39d1a9d0dfd5cf0ab95c841346,sETH
19,7261,23929,54441275805364938124,1347251793820000000000,7398255491355138,0x1f5e6c1d34a009b6c1cfe971a81295bf4cb331b4,sETH
44,7602,25404,49992089277627276051,1174551278880000000000,1702777933975868,0x07cb7ae80cefc667cb0efdbb38c05bc5e8cb6a3f,sETH
177,8765,30191,53714242503521215107,1218670000000000000000,89037406896631130,0x5c5d7c712762759608c29c398abed002b5cf34ea,sETH
181,8785,30252,40001000000000000000,1239550000000000000000,-41143963535153890,0x4711023dec6d37d7efc1dee12b15c309e823fdf0,sETH
184,8801,30298,40001000000000000000,1200478500000000000000,44149062228103210,0xc78bdfe2e9d2042e2b186fa6fe6ed31bf0c5817e,sETH
191,8868,94723,239587586155067426690,1369130000000000000000,38614079240598120,0x4a70836fcbe8eccc604ab3c0b17faecd307a31b0,sETH
209,14765,53545,104214853886605259183,1709410000000000000000,123061777012060100,0x740edbf3ec1fcc234cacf819a65a8ca5f35132bd,sETH
222,24059,90660,40001000000000000000,1339658422680000000000,7464589354049594,0x2aa828f814396ea8eb31bea4bd6a70712fa41830,sETH
335,14981,54379,213897316061153110842,1761850000000000000000,-10000000000000000,0x0475ab63dd595bf76edb0a4e3b4314c44bdeca19,sETH
438,15182,129118,105310837567149100634,1334730000000000000000,-8708778448676265,0x478979f1a9b50622c511f4a67db1e1575d895b12,sETH
636,15625,57071,59790000000000000007,1433810000000000000000,41846548705895480,0x6fac2bcca1f5397bf2bc96aa4ae8f35728882761,sETH
637,15626,57073,56584002089896568186,1433700000000000000000,59609457241918180,0x13d1cb34eca27e88a61a50dc42a02063d7a27020,sETH
699,15792,57858,40001000000000000000,1315931758360000000000,56207910417164000,0x9833cb831b0da1e89a1c04e0c115c98e296fb107,sETH
764,44364,172203,197000000000000000001,1319300000000000000000,757977715455165618,0xb77b404edd534a964cbcc6633cdf8c4f00b576c3,sETH
830,44894,174400,110000000000000001108,1159064750000000000000,-94904102639649769,0x84fee015d0f16a3f00d52d4946edcaa453c825cb,sETH
31,1253,4580,51234260015077741018,3064955000000000000000,16313453215463200,0x39032520c46c965f0995dafaf2a26c1c12546690,sETH
41,1257,4586,54862499999999999967,3064955000000000000000,17944798537009520,0xcf7b71c9a5998915461fce846ef9474ac91335fe,sETH
43,1266,4608,91742973838327372153,3027323785510000000000,-3303247590450700,0x27df3942d1d89bb64dc84d72aae0af8841ed6459,sETH
51,1291,4686,52876783231998227275,3016260000000000000000,17239893112662700,0x176163c7f210ecfaffea1a608ab24174b58d753c,sETH
52,1292,4688,53841000000000000019,3013800000000000000000,17585772114937950,0x01ca53994ff5e3bb3f667a18e04f4f0679a7e9a0,sETH
121,1495,5411,50849999999999999971,2850390000000000000000,17541459238911170,0x8b07ca4130ae11a617a5d159ea4894653dfc35a8,sETH
128,3739,11887,829966011732093894172,2737980000000000000000,304042908252765800,0x3bc7d7a271b5c3167ecbc43d66053886ffaffa01,sETH
159,1569,5657,99637488310838260737,2853944700000000000000,-35039221327589140,0x46f8b8d97aa29ed884cc3e51b5878e8f8d15ac07,sETH
230,19569,72717,80385566231601303297,1387875999160000000000,20636280383499160,0x3dec3c07d209914f3cc13c7492ac12e559c9dd7f,sETH
267,6724,22027,68948460943431594746,1747986700000000000000,39592700499629010,0xa8fe4420e9adcc56a630f0a0c802f6e47c02c330,sETH
341,1889,6665,148043511795352013322,2920870000000000000000,-85152335143778400,0xa9be2323ef9bdaad5f17462c39a7db114ffe1f0a,sETH
393,2124,7236,57467153878944758441,2879696000000000000000,3472588773259399,0x6a55de73f6e46a675ec047a50ee9ccf07a78a48f,sETH
490,2537,8339,99553217172764832065,2839020000000000000000,-45790448816845250,0xa39393b9ad6d0070a1e7b2c14f474eab74cf7d01,sETH
513,2644,8598,59700000000000000017,2825680000000000000000,-42467653803686190,0x0a4e9bbeae04e1756575bf4a003236cd67d3804e,sETH
516,2646,8601,59699999999999999982,2828023300000000000000,-42432465107341940,0xd6d139a504960cad9111ad7a9c02458adb626212,sETH
529,3776,12021,54798073705945744018,2675724774760000000000,22610696201154160,0xf30a7065824147f9969fe9e44f5500fca35d2e96,sETH
553,2787,9024,49875000000000000002,2794402200000000000000,-17892914627679580,0x4dc4c5a9cd82e43ac537d988e523a721625b258e,sETH
555,2788,9030,49875000000000000002,2794402200000000000000,-17892914627679580,0xc338de4c96f4631366f6a5d416783b2376615fec,sETH
563,2830,9176,49874999999999999970,2782340000000000000000,-17970485274984370,0x7c2f08a652b3e1ec84e17874a8291dca74dd4bb2,sETH
564,2831,9178,49874999999999999970,2782340000000000000000,-17970485274984370,0x4b2f5ab62f2113d4596f1ca4f2c7c52d9a572427,sETH
565,2833,9182,49874999999999999970,2782340000000000000000,-17970485274984370,0xce942c6f783f6161036e56ad09820e0d76c39f0a,sETH
675,3443,11025,51844000000000000037,2813030000000000000000,18485405416934760,0x57b6771cdd64e00584e476b99821d8613fc43030,sETH
854,17921,66149,101234999999999999805,1337400000000000000000,190668461193360300,0x7f7eceede5f97179883ef8f30edf24c50aa5c597,sETH
858,6546,21388,51861297454884583367,1819780000000000000000,-28574882678125930,0x9c445d97387f44bc0ddbb35031093ec366c7f55e,sETH
887,6613,21649,59690757327437988910,1910659600000000000000,-62805535847411030,0x90544db0a28b6921792686ed7f63e3a5fd6a9141,sETH
910,6725,22030,99675686674118389080,1747986700000000000000,-57208673269653600,0x802d3f5750014db45e34acfc3d1df688d5ff837f,sETH
969,6971,22895,119344204589197010177,1676580000000000000000,143148552410263800,0xdc03ede03a2f2949cc58396afdab18f88461f344,sETH
225,14113,51417,39915156081872997349,1658780000000000000000,1154574525278710,0x761390c3c7b3a818855cccc983da837ffca6a963,sETH
548,14705,53318,49982500000000000002,1714376269730000000000,2916512604778097,0xb9afffcb8b000e6fd158176fc0811d21bf2d2e1e,sETH
601,475,1756,195000000000000000509,3486440000000000000000,-573651059533506900,0x586634c272dfa3894ee9b99836541dee35660f34,sETH
772,681,21787,457365964049016001750,1869910000000000000000,85974213602244710,0xadab4df3d8fb2927f59487c2fd90df17a3ae20ce,sETH
773,683,21790,457286281936880945268,1868762165360000000000,86131747663094800,0x40a0086369bc0c4a8d8aaed28b327fb8a4f6cb45,sETH
774,684,21788,548641226251446698592,1864417900000000000000,92630888451365190,0xa60f492f5d52e0461b55d37ba4ce95c9d5eff62b,sETH
784,2962,9596,49850000000000000030,2845740000000000000000,17570122358332100,0x253956aedc059947e700071bc6d74bd8e34fe2ab,sETH
986,1121,4115,119699999999999999967,3100050000000000000000,38709053079789040,0x598d91105d59a249313f6a00b5b280bf25c1ba17,sETH
987,1123,4119,109724999999999999994,3103590000000000000000,35442825888728860,0x6c4e7f9ba696ffcfee9f44a79d01e02db734916f,sETH
989,1126,4125,141997190356738865067,3104560000000000000000,45094957095369390,0x42414f98db86547d20946006207243dcdf1f1871,sETH
990,1127,4127,135487976753053151442,3104560000000000000000,41873888731414440,0x8d850a90b09f536832cdca9e85ad7ab2f66c5dab,sETH
993,1130,4138,155609999999999999994,3099910000000000000000,50324041665725780,0xe10cf9c854cd5f692ee24bb65551b448483336f2,sETH
32,7583,34745,203154840330702571553,1350953423190000000000,-166524148813382200,0x387dfc90ad6b87ce3ecbed97f665348ff69da5db,sETH
300,18723,69290,158074204733687008184,1308527100000000000000,613213995054327000,0xdd6a1e4aa603054a7a3b400b002d111d70d61afd,sETH
394,11559,41099,40001000000000000000,1771613800000000000000,-25000,0x2f206d74d7cfcc6a9f556825034eb110a572ad62,sETH
408,11586,40864,51636000000000000010,1710414600000000000000,60803971154128360,0xb975b3ef2abf890a15a9e4283fe26fd8a1ba52f3,sETH
412,11594,40905,50642999999999999976,1729703100000000000000,58969657856310720,0x557bf186d3340a71eae627807a7b84c11cebb78b,sETH
618,12476,44563,69789999999999999982,1744250000000000000000,40131861831732840,0x654d34445eb7fe967aa95aafc0c614592f43a33e,sETH
690,12845,46194,70350114769512543449,1632636087340000000000,-43241237612227854,0x8e3125b97b641dcf7ca53b899321f2ad51ca79da,sETH
702,12888,46353,150821576647599271662,1660200000000000000000,182971654063202400,0x88bfed09d3bb21eef3133f260aee5c9c5a7d508c,sETH
784,13268,48054,70348858404161927319,1589320000000000000000,2388253961581981,0x61995ca4b73053e83393b0c127829a00b3c9684b,sETH
910,13598,49321,52236148219799458930,1564440000000000000000,51136508910536680,0x91831208ef824bbb986996312f2f0d92cca7bb90,sETH
17,4655,15175,2104654065524420992895,2117330000000000000000,1502055394916243000,0x5b97d8182b3f7f0b5238f48d210e8d75ecbf72bb,sETH
182,5161,16863,58973316757599674864,1978988000000000000000,37898158048457090,0x4f45f8c3b92b69a17eaa77b2c69975373ade2897,sETH
183,5163,16866,59726111391035659171,1979154128540000000000,40421308702731060,0xc704e3c30511b07fd4da37584fd34d9cb48437b6,sETH
202,5197,16981,119426832077939419342,1967347359270000000000,91493756378024900,0x98f4850f5428d647fc9024d42c7f729ed1293a67,sETH
207,5214,17038,50745000000000000006,1973104734800000000000,-51695177757676930,0x15bcffed6c0d50da1639fd48c6831ff75573651b,sETH
293,5435,17750,53249020447297474649,1941940000000000000000,-138996641185809400,0x16c50548a5c4887bfb88a40048b7823fe6fd511d,sETH
310,5511,18013,54508328635681152132,1854770000000000000000,-58937860112258780,0x54c375c481f95ba43e2cecd6ef30631f55518f57,sETH
406,25783,97548,144630613514661077581,1332247000000000000000,108942710030343700,0x38daea6f17e4308b0da9647db9ca6d84a3a7e195,sETH
590,6098,19993,112825953771382645393,1813940000000000000000,5512861505893248,0x79da9e5215fc7b237bb8a372e323b3a701916b6f,sETH
672,6334,20690,51335933576528082596,1757266800000000000000,-5690655511160855,0x66d3b30c0b05af2874242c03352ff4c95b87d97a,sETH
675,6347,20726,50586985313453695546,1751428223590000000000,-5709625930032372,0xa31af9cfe02ff93c6384edd1822080e2b83d0c12,sETH
763,9160,31580,41241692818722962090,1036640000000000000000,-34656446061867780,0x258a0f19bec50009a3ecbf74846a8ccfbab6ea01,sETH
936,9578,33161,53973015374674910138,1164100000000000000000,236234000515419600,0x551a0a7ac350fbad67c87479cbb5e6de10d0bb32,sETH
950,159462,636783,1563024676084610121352,1554994100000000000000,2024400000000000000,0x52d60cf2c2434d696d3cc4d5dd99d3a187d0faa1,sETH
404,168424,673649,4862446952771712820985,1569320788050000000000,9393900000000000000,0x8a8feacc614fa4b59cc2501f680c28e98e57bd14,sETH
415,13192,673786,272800013544191167047,1585574967090000000000,-159200000000000000,0xd7ddee93bbd141863d9e2c2746f210e0887c8c9b,sETH
439,168476,673923,50240000000000001006,1582901200000000000000,31739188775648157,0xe9ce6902deb983279f293902c3910e0b7c6704a2,sETH
553,168653,674897,150000000000000001158,1627870000000000000000,184289900299163938,0xd287d1ffa9e8efa3e3644c783b2832cd3cc547be,sETH
595,168742,675370,50000000000000001625,1678443294120000000000,59579016074194829,0xb09a9fd8b445da63126413b110c54271b7f7c3b1,sETH
648,168841,675942,500000000000000000217,1539040000000000000000,-649755691859860692,0x86cf85c4dd3bade96cf84255353fecfa05dd01a8,sETH
672,53124,676242,125729214721883911143,1486759123290000000000,426533795194290807,0x3befdf05430bcb598068684bb14b3c4eda307adb,sETH
769,1662,13615,76775166838416106525,2394000000000000000000,26182765230288310,0xadeaa590811861c17f4461c100638332dbb16ec7,sETH
799,37600,144994,102743708063878666437,1638550000000000000000,62924276996817086,0x45de903875280e40e67d2c97e38f9a1351297ffb,sETH
860,4391,14207,99775581722921085182,2325460000000000000000,21501122358587120,0xd2a0ce7b617bc6268b2d32707a5bb17f4ed8fd21,sETH
899,4465,14465,128600305768587665380,2206097570900000000000,45277871201118690,0xce20c93b148b568037c9c2a568dc14c73d8ef28b,sETH
993,4600,15027,52643983612916709418,2121274577870000000000,24941018043042630,0xd322802175c8b74f4526c9f82b964087fa0cd5e1,sETH
57,2936,13319,168226289890991218341,5.51586986e+18,154815200000000000000,0x58c86e2eef4c7c90b567c3fb2e210c69977e260a,sLINK
156,3084,14008,87882000000000000003,6.7156476e+18,65430770965409203425,0x33f465ea357f40bda7e5acd88dde62faa03d5ef2,sLINK
293,161,1022,50795570752864158056,1.789579141e+19,2855828536054695000,0x8c05876537dcd3e353787561e7a4ba2661c54fd2,sLINK
394,355,2447,51433483254925543123,8.64816746e+18,11997639676189180000,0x70bb8f8c244fc7efcf569f7d1c0c5e2b242264e9,sLINK
403,377,2529,1017963472991868624114,7.14505219e+18,-139470013947001400000,0x68924bc68ff1357a0a08a20c64d538d9b9241574,sLINK
458,631,3490,48247802250280215702,9.28e+18,-27003672499459930000,0xfbbb7f86bf27d9e6b8cbf6f91a8fececa1b40940,sLINK
583,1433,6883,199300000000000000101,9.171395e+18,21806933405441590000,0x8b669fed29ef8c606ce47e94774d2fea40c86e36,sLINK
907,2316,10507,52831382050879749334,7.641e+18,13785635070780872855,0x40f3244b3edf43dbfe884621a28dce0ccb4eace6,sLINK
910,2320,10517,102000000000000000004,7.2793797e+18,14012182933663976890,0x2cfd2f9aa6586f5170643b72975b4fc13b9d56a7,sLINK
201,2364,10745,40001537360046708594,16890000000000000000,-13439091210417222,0x2e903d666b07e26dfb73382a068b5c7c9392132c,sSOL
49,3668,21022,40000999969199226200,20974380000000000000,-2000000000000000000,0x0ba6124112df93c7837587436c49c2a53158da5e,sSOL
331,4128,19102,100503210231545429340,23191042140000000000,-4324063320908631456,0xf18cfa74602ee59f60bbd56d0506cabb34c90cc3,sSOL
411,4426,20974,91350963126937212727,23850000000000000000,3830228775803109340,0xf20558c04bffc68051bb4abbb80f63a8a9d94e47,sSOL
451,49,207,49272102278347681513,101703500000000000000,-984423703334924300,0x1b366f42d0478aff04c77105b4e994fa574dadca,sSOL
512,122,504,97012189374566241155,82300000000000000000,-6804374240583232000,0xee34e8298e388fabaa0deb85b54f0f64e7aea88c,sSOL
699,568,2132,40001000000000000000,28850000000000000000,340817994132191100,0x1f5e6c1d34a009b6c1cfe971a81295bf4cb331b4,sSOL
776,1115,4482,40001000000000000000,37103425000000000000,2304900181500000,0xb47f61556ee7f1ad905f6a4b425c50d491c5bd99,sSOL
862,1554,6261,49982500000000000005,44170000000000000000,-113199003848766100,0x9fbdacf1f53d7e3893243ca16d18a50191228c8b,sSOL
921,2595,10623,40001000000000000000,14110000000000000000,-15833110916714949,0xe16dbb62bf2c69c885078db0ec071da5307cc87c,sSOL
210,602,2218,199909945903809064627,20680000000000000000,-1000000000000000000,0xa7a372c422ccb352feb8ae8752e4a3b90e404cb4,sAVAX
328,1093,4153,54351895607956920400,16840000000000000000,6532066508313539000,0x16d88eae0591604778491ba1be869852ca7ac696,sAVAX
329,1094,4155,54351895607956920400,16840000000000000000,6532066508313539000,0xee98c1feb5946b83ffcb787048c90dd392217be2,sAVAX
413,1219,4695,588017046070551194380,15725813010000000000,-45216798929780999647,0x50ed0dbd008b3c012c5b5490c9b5a1710bf1dfa7,sAVAX
537,1384,5433,999128620068200000000,12448284740000000000,-20000000000000000000,0xf37093e34577b69c4c5e89c5990cbbf22ff78c57,sAVAX
58,702,2435,50642999999999999990,8313121450000000000,12269759393446610000,0x7e62fd76cafc0d395005e3ed5dea9a38dae35a19,sUNI
67,1038,3907,112453169332005274209,6906930070000000000,-32991300000000000000,0x9fb75923cc5e5ca5c6f3af2ff25f144150962a7f,sUNI
140,651,2222,99081377601991666603,8907000000000000000,22454249466711580000,0x387086921d14c749741b4c76b66606b2b53c99bd,sUNI
210,788,2914,96277889929233646777,955042400000000000,326500560972869000000,0x9b083b6aea9103edc90166431f38b9114e3d58dd,sMATIC
425,1195,4608,87500000000000000001,926600000000000000,377725016188214979494,0xf94dfdeb34c92b94d5cfd8aa0aa8e6366a2cb8e8,sMATIC
640,1541,6140,201346142093723678326,860800000000000000,1190752788104089219330,0x04dcaaa85569cbfd5bcae97d7db72d8334fc51e5,sMATIC
771,1762,7247,135195613082069515288,855622260000000000,447312947112900031375,0x4f84e5b02f666ff125b3a1d0e8d2bd043669b797,sMATIC
9,92,325,99498970487379715535,1865320000000000000000,107357770144759600,0xde910777c787903f78c89e7a0bf7f4c435cbb1fe,sXAU
13,7,32,99700000000000000119,1966465000000000000000,101705344361582800,0x473c6494180ad9cd726f8a7a51cf8e88bbf72bc6,sXAU
100,83,285,135189063557732628391,1916980000000000000000,-141468195923865500,0x77fe98302a956eff00c74f094ed5e9e6b8235853,sXAU
121,106,367,49625000000000000021,1868875000000000000000,133770316366798200,0x8a28867c17fb72065862a645c8a8122e4af7043c,sXAU
122,107,369,49625000000000000021,1868875000000000000000,133770316366798200,0x38f884a788d6b4e58744ea1471ccb5fad376ed40,sXAU
123,108,371,49625000000000000021,1868875000000000000000,133770316366798200,0x013d4fdd7539b43322df7a5fa15dbd7eff46050c,sXAU
124,109,373,49625000000000000021,1868875000000000000000,133770316366798200,0x57a0c090c7f6d5493154edd2364c21c0a63c9fef,sXAU
130,140,474,99850000000000000009,1838270000000000000000,54398972947390750,0x4d6d474dcfe25938e9e39ad797c18a3e6502e100,sXAU
166,205,789,49985000000000000001,1866095000000000000000,5358783984738183,0xad09e6594c14320e0f001be83b365c3087b0e651,sXAU
179,230,885,99451531681464537626,1865835000000000000000,268520674633331100,0x7c65eeefff2b7127df173b43b7c93b93ab75c7e7,sXAU
224,320,1299,245527163025164471297,1746639500000000000000,281988310590580500,0x17d60e33385700247741d8a0c2db0d4ac28130d7,sXAU
244,354,1448,97288592788867785313,1720499500000000000000,56631661274081820,0x7015196637e67b4247589d6f24fba015b26003ed,sXAU
577,789,3365,100000000000000000417,1837145000000000000000,54432284876806131,0x232dd3285385920dfc33730e9d3aeb507b51c094,sXAU
584,797,3398,100800000000000001123,1871714990000000000000,-53854353113878732,0x31e291c8b0dd4a53cdd0b33e4cfc7b490959374e,sXAU
642,876,3903,60250000000000001879,1999420000000000000000,120534955136989727,0xd0dbc8c5b648804fce467db21c8fb7dbc233eb4d,sXAU
22,20,79,49774999999999999983,23395000000000000000,6411626415900834000,0x07b1718ca940462fddf273a84fb40ee326cf05aa,sXAG
61,67,1604,850558343520093133375,21751000000000000000,339921459844011800000,0x93681e7a57dabc0e57633d15dccf880de4831426,sXAG
150,273,1623,56391333333333333343,23800100000000000000,35540606972239612438,0xd59fdd823972906aec538d2515a55b14cb8650dd,sXAG
165,220,1631,391265061794063214185,25887850000000000000,66580075455451271840,0xcc0b656c68cb0082f4fb87ecc0b106cd2c0b0d34,sXAG
167,221,1317,59526125000000000000,23810450000000000000,5000000000000000000,0x1aa22379a3b14af055c434cdb7d6472f5f191d6f,sXAG
190,270,1595,449824455131546203067,21684550000000000000,20751671662439474290,0xd2a0123dfc0a9aca211ae65b42ef174ee9d98875,sXAG
2,2,8,99249999999999999952,1083376800000000000,-461519943938249400000,0xde910777c787903f78c89e7a0bf7f4c435cbb1fe,sEUR
327,437,1944,100229999999999999999,1064030000000000000,94198471847598282003,0xf03f10d8ea7642920716d45e06321f9a1e99874d,sEUR
349,465,2075,146876908312205131023,1084795000000000000,-2791670000000000000000,0xaa747f556d2b3445e33b24b6339278cbbf2dc683,sEUR
231,1645,6648,161352601712150081003,3376372110000000000,146014746385418620035,0x54cce440406a722550f8650d765c89130131239d,sAPE
376,1414,5015,49995095483359344403,3911848570000000000,-12781680861434776857,0xbf23fea426bfeaa388d3854a53f075d74cb35ebe,sAPE
174,604,2330,101000000000000000002,1896810310000000000,53247285438890302109,0x534d143c0c2470c85d91ce8610a0975073c50819,sDYDX
439,1131,5038,42392732537157190911,3002987550000000000,-3800435639456487,0x7827da9ef03e5e368e2925d2f957abc78cf94152,sDYDX
443,1141,4963,51748203644615919951,3512702400000000000,21351082858599123000,0x856b63349fb6c818ea7cd7305483ae0ef6956f6c,sDYDX
49,198,955,40001000000000000000,316379313760000000000,-1080,0x9640f1cb81b370186d1fcd3b9cbfa2854e49555e,sBNB
169,188,830,104740000000000000212,352717926890000000000,296951166966527982,0x3ca18812dc03134d3c45b50af7896219d2675a28,sBNB
432,652,3016,89816214000000000000,306310000000000000000,-200000000000000000,0xf37093e34577b69c4c5e89c5990cbbf22ff78c57,sBNB
40,1858,8667,40000942350346383890,3041071400000000000,-84781036188764785633,0xba64294b01d43f0b942879efd5184352bb33a5a4,sOP
102,1777,8062,219000000000000000003,2172620000000000000,-100799955813717999466,0x9b96f95076728c81533f55264fbc3a09736632f3,sOP
116,1812,8220,51000000000000000002,2100000000000000000,24285714285714285714,0x886339bcccaf85f67a65b49bd96c2eb24541dcdd,sOP
105,140,510,100072743778557419496,938860720000000000,107158215221258400000,0x76fa5876ecef7cecfbe8f94566a1e7252c20bf39,sOP
127,169,618,198137978274852866624,904950000000000000,-22653185258854080000,0x16562eb02a3c95712c10914c6c7ba0f4b0502d6c,sOP
217,286,1101,103373585308743538459,876739050000000000,237715528365667700000,0xee98c1feb5946b83ffcb787048c90dd392217be2,sOP
458,2029,9624,75495657836851669320,1523627410000000000,247749739300693332014,0x54cce440406a722550f8650d765c89130131239d,sOP
461,619,2583,108130000000000000001,1094192990000000000,98821689581469535826,0x6ebce2a06f08c6523838e12fa4d0388e9c0d6257,sOP
769,1098,4774,108530000000000000001,1010660490000000000,107385220926168786908,0x33a51660e36d935821c8409f9bee31f99a3497c9,sOP
880,1324,5848,101000000000000000002,967356750000000000,104408223749924730457,0xcf5f534e4332f86cc213ed6a5fb539cf850b8be6,sOP
881,1325,5850,50999934910883704488,967619430000000000,52720984269763972805,0x5fe085089a2c53a12c17ce7749d6c3da9045ad69,sOP
897,1352,5972,118220000000000000002,1016970000000000000,116247283597352920931,0x1e7d1da990dbdcb509bd04f0bf40d1762cddf5ef,sOP
395,776,3241,100340000000000000002,76930000000000000,1304302612764851163395,0x09da02a17ae74cffd4b7b256c532873107ed33cd,sDOGE
403,795,3641,192642787154683470385,91790100000000000,5673542353846594019559,0xc53012a0f8e4d9df4478d9a5386291617a191a43,sDOGE
18,23,78,99399999999999999978,1229806573467951058,-81313600168852910000,0x253956aedc059947e700071bc6d74bd8e34fe2ab,sDebtRatio
28,39,156,101766653922334612184,1218356394239230945,168717200141796600000,0x945d5bcda8dcd9cd8b221fd23cf4b6c0e7e50bd5,sDebtRatio
